-- phpMyAdmin SQL Dump
-- version 5.2.1
-- https://www.phpmyadmin.net/
--
-- Host: 127.0.0.1
-- Generation Time: Sep 16, 2024 at 05:09 PM
-- Server version: 10.4.28-MariaDB
-- PHP Version: 8.2.4

SET SQL_MODE = "NO_AUTO_VALUE_ON_ZERO";
START TRANSACTION;
SET time_zone = "+00:00";


/*!40101 SET @OLD_CHARACTER_SET_CLIENT=@@CHARACTER_SET_CLIENT */;
/*!40101 SET @OLD_CHARACTER_SET_RESULTS=@@CHARACTER_SET_RESULTS */;
/*!40101 SET @OLD_COLLATION_CONNECTION=@@COLLATION_CONNECTION */;
/*!40101 SET NAMES utf8mb4 */;

--
-- Database: `bookorama`
--

-- --------------------------------------------------------

--
-- Table structure for table `admin`
--

CREATE TABLE `admin` (
  `adminid` int(11) NOT NULL,
  `email` varchar(50) NOT NULL,
  `password` varchar(255) NOT NULL
) ENGINE=MyISAM DEFAULT CHARSET=latin1 COLLATE=latin1_swedish_ci;

--
-- Dumping data for table `admin`
--

INSERT INTO `admin` (`adminid`, `email`, `password`) VALUES
(1, 'michelle@yahoo.com', '827ccb0eea8a706c4c34a16891f84e7b'),
(3, 'test@gmail.com', '098f6bcd4621d373cade4e832627b4f6'),
(4, 'admin@gmail.com', '25d55ad283aa400af464c76d713c07ad');

-- --------------------------------------------------------

--
-- Table structure for table `books`
--

CREATE TABLE `books` (
  `isbn` varchar(13) NOT NULL,
  `author` varchar(50) DEFAULT NULL,
  `title` varchar(100) DEFAULT NULL,
  `price` float(4,2) DEFAULT NULL,
  `categoryid` int(11) NOT NULL
) ENGINE=MyISAM DEFAULT CHARSET=latin1 COLLATE=latin1_swedish_ci;

--
-- Dumping data for table `books`
--

INSERT INTO `books` (`isbn`, `author`, `title`, `price`, `categoryid`) VALUES
('0-672-31697-8', 'Michael Morgan', 'Java 2 for Professional Developers', 34.99, 4),
('0-672-31745-1', 'Thomas Down', 'Installing Debian GNU/Linux', 24.99, 4),
('0-672-31509-2', 'Pruitt, et al.', 'Teach Yourself GIMP in 24 Hours', 24.99, 4),
('0-672-31769-9', 'Thomas Schenk', 'Caldera OpenLinux System Administration Unleashed', 49.99, 3),
('0-672-31281-1', 'Clarita Michelle', 'Jakarta dan Debu Adalah Kawan', 66.99, 2);

-- --------------------------------------------------------

--
-- Table structure for table `book_reviews`
--

CREATE TABLE `book_reviews` (
  `isbn` char(13) NOT NULL,
  `review` text DEFAULT NULL
) ENGINE=MyISAM DEFAULT CHARSET=latin1 COLLATE=latin1_swedish_ci;

--
-- Dumping data for table `book_reviews`
--

INSERT INTO `book_reviews` (`isbn`, `review`) VALUES
('0-672-31697-8', 'Morgan\'s book is clearly written and goes well beyond \r\n                     most of the basic Java books out there.');

-- --------------------------------------------------------

--
-- Table structure for table `categories`
--

CREATE TABLE `categories` (
  `categoryid` int(11) NOT NULL,
  `name` varchar(100) NOT NULL
) ENGINE=InnoDB DEFAULT CHARSET=utf8mb4 COLLATE=utf8mb4_general_ci;

--
-- Dumping data for table `categories`
--

INSERT INTO `categories` (`categoryid`, `name`) VALUES
(1, 'Science Fiction'),
(2, 'Fantasy'),
(3, 'History'),
(4, 'Technology'),
(5, 'Psychology');

-- --------------------------------------------------------

--
-- Table structure for table `customers`
--

CREATE TABLE `customers` (
  `customerid` int(10) UNSIGNED NOT NULL,
  `name` varchar(50) NOT NULL,
  `address` varchar(100) NOT NULL,
  `city` varchar(30) NOT NULL
) ENGINE=MyISAM DEFAULT CHARSET=latin1 COLLATE=latin1_swedish_ci;

--
-- Dumping data for table `customers`
--

INSERT INTO `customers` (`customerid`, `name`, `address`, `city`) VALUES
(1, 'Michelle Arthur', '357 North Road A', 'Yarraville'),
(2, 'Anne', 'Boulevard \' Street', 'Box Hill'),
(3, 'Melly', 'Vicoria Street', 'Airport West'),
(4, 'Rose', 'Queen Street', 'Airport West'),
(5, 'Alan Wonga', 'Buanglow Street', 'Airport West'),
(6, 'Dionysius Mario', 'Jl. Nangka IV No. 39, RT 04/RW 01, Cengkareng Barat', 'Box Hill'),
(131, 'Iksan Nur', 'tembalang', 'Airport West'),
(132, 'saya', 'gtw', 'Airport West'),
(133, 'yoi', 'ytta', 'Yarraville');

-- --------------------------------------------------------

--
-- Table structure for table `orders`
--

CREATE TABLE `orders` (
  `orderid` int(10) UNSIGNED NOT NULL,
  `customerid` int(10) UNSIGNED NOT NULL,
  `amount` float(6,2) DEFAULT NULL,
  `date` date NOT NULL
) ENGINE=MyISAM DEFAULT CHARSET=latin1 COLLATE=latin1_swedish_ci;

--
-- Dumping data for table `orders`
--

INSERT INTO `orders` (`orderid`, `customerid`, `amount`, `date`) VALUES
(1, 3, 69.98, '2000-04-02'),
(2, 1, 49.99, '2000-04-15'),
(3, 2, 74.98, '2000-04-19'),
(4, 3, 24.99, '2000-05-01'),
(1001, 1, 300.00, '2022-06-01'),
(1002, 1, 300.00, '2022-06-01');

-- --------------------------------------------------------

--
-- Table structure for table `order_items`
--

CREATE TABLE `order_items` (
  `orderid` int(10) UNSIGNED NOT NULL,
  `isbn` char(13) NOT NULL,
  `quantity` tinyint(3) UNSIGNED DEFAULT NULL
) ENGINE=MyISAM DEFAULT CHARSET=latin1 COLLATE=latin1_swedish_ci;

--
-- Dumping data for table `order_items`
--

INSERT INTO `order_items` (`orderid`, `isbn`, `quantity`) VALUES
(1, '0-672-31697-8', 2),
(2, '0-672-31769-9', 1),
(3, '0-672-31769-9', 1),
(3, '0-672-31509-2', 1),
(4, '0-672-31745-1', 3),
(1001, '0-672-31509-2', 3),
(1001, '0-672-31769-9', 2),
(1001, '0-672-31697-8', 1),
(1002, '0-672-31697-8', 1),
(1002, '0-672-31769-9', 2),
(1002, '0-672-31509-2', 3);

--
-- Indexes for dumped tables
--

--
-- Indexes for table `admin`
--
ALTER TABLE `admin`
  ADD PRIMARY KEY (`adminid`);

--
-- Indexes for table `books`
--
ALTER TABLE `books`
  ADD PRIMARY KEY (`isbn`);

--
-- Indexes for table `book_reviews`
--
ALTER TABLE `book_reviews`
  ADD PRIMARY KEY (`isbn`);

--
-- Indexes for table `categories`
--
ALTER TABLE `categories`
  ADD PRIMARY KEY (`categoryid`);

--
-- Indexes for table `customers`
--
ALTER TABLE `customers`
  ADD PRIMARY KEY (`customerid`);

--
-- Indexes for table `orders`
--
ALTER TABLE `orders`
  ADD PRIMARY KEY (`orderid`);

--
-- Indexes for table `order_items`
--
ALTER TABLE `order_items`
  ADD PRIMARY KEY (`orderid`,`isbn`);

--
-- AUTO_INCREMENT for dumped tables
--

--
-- AUTO_INCREMENT for table `admin`
--
ALTER TABLE `admin`
  MODIFY `adminid` int(11) NOT NULL AUTO_INCREMENT, AUTO_INCREMENT=5;

--
-- AUTO_INCREMENT for table `customers`
--
ALTER TABLE `customers`
  MODIFY `customerid` int(10) UNSIGNED NOT NULL AUTO_INCREMENT, AUTO_INCREMENT=134;

--
-- AUTO_INCREMENT for table `orders`
--
ALTER TABLE `orders`
  MODIFY `orderid` int(10) UNSIGNED NOT NULL AUTO_INCREMENT, AUTO_INCREMENT=1003;
COMMIT;

/*!40101 SET CHARACTER_SET_CLIENT=@OLD_CHARACTER_SET_CLIENT */;
/*!40101 SET CHARACTER_SET_RESULTS=@OLD_CHARACTER_SET_RESULTS */;
/*!40101 SET COLLATION_CONNECTION=@OLD_COLLATION_CONNECTION */;
